,Nombre,Números,Ciudad,origen
0,Ana,10,Guadalajara,archivo_1.csv
1,Beto,25,Monterrey,archivo_1.csv
2,Carla,17,Ciudad de México,archivo_1.csv
3,Diego,32,Puebla,archivo_1.csv
4,Elena,8,Querétaro,archivo_2.csv
5,Fernando,45,Guadalajara,archivo_2.csv
6,Gabriela,21,Tijuana,archivo_2.csv
7,Hugo,13,León,archivo_2.csv
8,Inés,29,Mérida,archivo_2.csv
9,Jorge,37,Monterrey,archivo_3.csv
10,Karla,19,Puebla,archivo_3.csv
11,Luis,26,Guadalajara,archivo_3.csv
12,Marta,14,Toluca,archivo_4.csv
13,Nicolás,41,Ciudad de México,archivo_4.csv
14,Olivia,23,Cancún,archivo_4.csv
15,Pablo,9,Morelia,archivo_4.csv
16,Quetzal,30,Oaxaca,archivo_4.csv
17,Rosa,18,Veracruz,archivo_4.csv
18,Sofía,22,Guadalajara,archivo_5.csv
19,Tomás,16,Aguascalientes,archivo_5.csv
20,Úrsula,34,Saltillo,archivo_5.csv
21,Víctor,27,Hermosillo,archivo_5.csv
